sku,title,description,quantity,price,images,optionname1,optionname2,optionname3,optionname4,optionname5,option1,option2,option3,option4,option5,product_identifier,product_identifier_type,brand,cost,status,drop_date,released_date,show_in_new_releases,out_of_stock,show_in_staff_picks,show_in_coming_soon,show_in_featured_while_coming_soon
IF_9223B4D0,POPâ€¯MART Labubu Wacky Mart Series Vinyl Plush Hanging Card â€“ 100â€¯% Authentic New,"100% Authentic POP MART POPâ€¯MART Labubu Wacky Mart Series Vinyl Plush Hanging Card
â€¢ ğŸ Brandâ€‘new, factoryâ€‘sealed in original packaging
â€¢ âœ… Official Pop Mart product â€“ not sold in U.S. stores
â€¢ ğŸ° Cute Labubu pendant made of soft vinyl, approximately 7â€³ tall
â€¢ âœ¨ Exclusive release from the Wacky Mart series, perfect for fans of The Monsters and Pop Mart collectors",1,170.0000,"https://i.frg.im/CPrua0eq/406044552584-0.jpg,https://i.frg.im/4ohSdXsh/406044552584-1.jpg,https://i.frg.im/Fd6TOXEv/406044552584-2.jpg,https://i.frg.im/S19JOwd0/406044552584-3.jpg,https://i.frg.im/QPT0rfJe/406044552584-4.jpg",,,,,,,,,,,,UPC,Pop Mart,,live,,,false,true,false,true,false
IF_FACE0CEA,"Pop Mart Labubu The Monsters ""Big into Energy"" Crystal Ball 6 Blind Box","100% Authentic POP MART Pop Mart Labubu The Monsters ""Big into Energy"" Crystal Ball 6 Blind Box
â€¢ ğŸ Brandâ€‘new, factoryâ€‘sealed in original packaging
â€¢ âœ… Official Pop Mart product â€“ not sold in U.S. stores
â€¢ ğŸ”® Complete set of Labubu Crystal Ball figures from Asia-exclusive release
â€¢ ğŸŒˆ All colors included - every character from the mystical series
â€¢ âœ¨ Rare collectible set perfect for dedicated Pop Mart collectors",1,160,"/uploads/products/1755493902069_ltnsqg.jpeg, /uploads/products/1755493907588_4xsn92.jpeg, /uploads/products/1755493912162_uo8ts7.jpeg, /uploads/products/1755493915739_4t8rem.jpeg, /uploads/products/1755493919180_qr266q.jpeg",,,,,,,,,,,,MPN,Pop Mart,,live,,,false,false,false,false,false
IF_5CF0B42E,POPâ€¯MART Skullpanda Paradox Series Scented Candle Set 6â€“ Authentic US Seller,"100% Authentic POP MART POPâ€¯MART Skullpanda Paradox Series Scented Candle Set 6
â€¢ ğŸ Brandâ€‘new, factoryâ€‘sealed in original packaging
â€¢ âœ… Official Pop Mart product â€“ 100% authentic
â€¢ ğŸ•¯ï¸ Scented candle with collectible ceramic Skullpanda figure holder
â€¢ ğŸ¨ Reusable ceramic holder becomes decorative piece after candle burns
â€¢ ğŸŒ¸ Surprise aromatic scent from the exclusive Paradox fragrance series",1,180.0000,"https://i.frg.im/ShuihuDu/406099809227-0.jpg,https://i.frg.im/JyVjZmuj/406099809227-1.jpg,https://i.frg.im/gqlZnVur/406099809227-2.jpg",,,,,,,,,,,,,,,live,,,false,false,false,false,false
IF_EB0C6000,POPâ€¯MART Labubu Tempura Shrimp Wacky Mart Earphone Holder â€“ Authentic US Seller,"100% Authentic POP MART POPâ€¯MART Labubu Tempura Shrimp Wacky Mart Earphone Holder
â€¢ ğŸ Brandâ€‘new, factoryâ€‘sealed in original packaging
â€¢ âœ… Official Pop Mart product â€“ 100% authentic
â€¢ ğŸ¤ Adorable Labubu Tempura Shrimp design earphone case holder
â€¢ ğŸ§ Fits most standard wireless earphone cases with secure closure
â€¢ âœ¨ Fun collectible accessory perfect for Pop Mart fans on-the-go",0,60,"/uploads/products/1755493954309_uuurel.jpg, /uploads/products/1755493957858_7vwicd.jpg, /uploads/products/1755493961145_qss645.jpg",,,,,,,,,,,,,,,live,,2025-08-14T05:07:07.190Z,true,true,true,true,false
HACK_GUMMY01,POPâ€¯MART Hacipupu Gummy Bear Blind Box â€“ Authentic US Seller,"100% Authentic POP MART POPâ€¯MART Hacipupu Gummy Bear Blind Box
â€¢ ğŸ Brandâ€‘new, factoryâ€‘sealed in original packaging
â€¢ âœ… Official Pop Mart product â€“ 100% authentic
â€¢ âœ¨ Exclusive release from the Hacipupu Gummy Bear Series, perfect for fans of The Monsters and Pop Mart collectors",0,0,"https://i.frg.im/htg3zh1g/406004302466-1.jpg, https://i.frg.im/jGbzeSan/406004302466-2.jpg",,,,,,,,,,,,MPN,,,live,,,false,false,false,false,false
IF_74699809,,,0,25.0000,,,,,,,,,,,,Pineapple,,,,live,,,false,false,false,false,false
POP_MART_SKULLP_006,POPâ€¯MART Skullpanda Lâ€™impressionnisme Series Blind Box â€“ 100â€¯% Authentic,"100% Authentic POP MART POPâ€¯MART Skullpanda Lâ€™impressionnisme Series Blind Box
â€¢ ğŸ Brandâ€‘new, factoryâ€‘sealed in original packaging
â€¢ âœ… Official Pop Mart product â€“ 100% authentic
â€¢ âœ¨ Exclusive release from the SKULLPANDA Series, perfect for fans of The Monsters and Pop Mart collectors",,,https://i.frg.im/yldeodsp/406008421418-0.jpg,,,,,,,,,,,,MPN,,,live,,,false,false,false,false,false
IF_F277DC23,,,0,20.0000,,,,,,,,,,,,Pond,,,,live,,,false,false,false,false,false
IF_04BD2AA8,POPâ€¯MART The Monsters Wacky Mart Series Fragrance Blind Box Set (6)â€“ Authentic,"100% Authentic POP MART POPâ€¯MART The Monsters Wacky Mart Series Fragrance Blind Box Set (6)
â€¢ ğŸ Brandâ€‘new, factoryâ€‘sealed in original packaging
â€¢ âœ… Official Pop Mart product â€“ 100% authentic
â€¢ âœ¨ Exclusive release from the Wacky Mart Series, perfect for fans of The Monsters and Pop Mart collectors",0,220.0000,"https://i.frg.im/yxodKpZr/406097903608-0.jpg,https://i.frg.im/YzelMcPd/406097903608-1.jpg,https://i.frg.im/SdFekNkd/406097903608-2.jpg,https://i.frg.im/UIzdIHVM/406097903608-3.jpg",,,,,,,,,,,,,,,live,,,false,false,false,false,false
IF_28CB01DA,POPâ€¯MART Ã— Disney Mickey & Friends â€œFamily Cute Togetherâ€ Figure Set â€“ Authentic,"100% Authentic POP MART POPâ€¯MART Ã— Disney Mickey & Friends â€œFamily Cute Togetherâ€ Figure Set
â€¢ ğŸ Brandâ€‘new, factoryâ€‘sealed in original packaging
â€¢ âœ… Official Pop Mart product â€“ 100% authentic
â€¢ âœ¨ Exclusive release from the Disney Mickey & Friends Family Cute Together Series, perfect for fans of The Monsters and Pop Mart collectors",1,230,/uploads/products/1755493983942_gnqbtz.jpg,,,,,,,,,,,,MPN,Disney,,live,,,false,false,false,false,false
IF_AF2FDE13,Labubu Forest Fairy Tale Series Vinyl Plush China Exclusive - US SELLER,"100% Authentic POP MART Labubu Forest Fairy Tale Series Vinyl Plush China Exclusive - US SELLER
â€¢ ğŸ Brandâ€‘new, factoryâ€‘sealed in original packaging
â€¢ âœ… Official Pop Mart product â€“ not sold in U.S. stores
â€¢ ğŸ§š Beautiful woodland-themed Labubu with intricate fairy tale detailing
â€¢ âœ¨ Rare China-exclusive release not available in US retail stores
â€¢ ğŸ Includes exclusive Labubu storage bag and original packaging",1,150,"https://i.frg.im/Eqi57RgK/406003915115-0.jpg, https://i.frg.im/XndEmvtz/406003915115-1.jpg, https://i.frg.im/aPBwyMzg/406003915115-2.jpg",,,,,,,,,,,6931571082000,UPC,,,live,,,,,1,,
IF_3247C15E,POPâ€¯MART Skullpanda Paradox Series Scented Candle â€“ Authentic US Seller,"100% Authentic POP MART POPâ€¯MART Skullpanda Paradox Series Scented Candle
â€¢ ğŸ Brandâ€‘new, factoryâ€‘sealed in original packaging
â€¢ âœ… Official Pop Mart product â€“ 100% authentic
â€¢ ğŸ•¯ï¸ Scented candle with collectible ceramic Skullpanda figure holder
â€¢ ğŸ¨ Reusable ceramic holder becomes decorative piece after candle burns
â€¢ ğŸŒ¸ Surprise aromatic scent from the exclusive Paradox fragrance series",6,45.0000,"https://i.frg.im/SgjMUzGo/406086955002-0.jpg,https://i.frg.im/b1tFYrCC/406086955002-1.jpg,https://i.frg.im/qzoFA9ZY/406086955002-2.jpg,https://i.frg.im/WpqoFl6d/406086955002-3.jpg",,,,,,,,,,,,,,,live,,,false,false,false,false,false
IF_23CB7D69,2025 SKULLPANDA SHANGHAI'S â€œSIEGE AND CONFINEMENTâ€ - US SELLER,"100% Authentic POP MART 2025 SKULLPANDA SHANGHAI'S â€œSIEGE AND CONFINEMENTâ€ - US SELLER
â€¢ ğŸ Brandâ€‘new, factoryâ€‘sealed in original packaging
â€¢ âœ… Official Pop Mart product â€“ not sold in U.S. stores
â€¢ ğŸ® Limited edition 2025 Shanghai exhibition exclusive hanger card
â€¢ âœ¨ Rare ""Siege and Confinement"" series figure with official QR authentication
â€¢ ğŸ¯ Highly sought-after collector piece from exclusive Shanghai drop",3,130.0000,"https://i.frg.im/XnLE00Uy/406076050752-0.jpg,https://i.frg.im/krku0uLJ/406076050752-1.jpg,https://i.frg.im/8bf1f4gU/406076050752-2.jpg,https://i.frg.im/UJZfyeNI/406076050752-3.jpg",,,,,,,,,,,,,,,live,,,false,false,false,false,false
IF_2B221F94,POPâ€¯MART Labubu The Monsters Big Into Energy Wireless Phone Charger â€“ Authentic,"100% Authentic POP MART POPâ€¯MART Labubu The Monsters Big Into Energy Wireless Phone Charger
â€¢ ğŸ Brandâ€‘new, factoryâ€‘sealed in original packaging
â€¢ âœ… Official Pop Mart product â€“ 100% authentic
â€¢ ğŸ”Œ Qi-certified wireless charger compatible with iPhone, Samsung, and all Qi-enabled devices
â€¢ âš¡ Fast charging technology with LED status indicator and non-slip base
â€¢ âœ¨ Sleek Labubu-themed design perfect for desk, nightstand, or workspace",0,50.0000,"https://i.frg.im/OlJuz2vu/406101734910-0.jpg,https://i.frg.im/dDqr6jmp/406101734910-1.jpg,https://i.frg.im/se2Qamey/406101734910-2.jpg,https://i.frg.im/K2mLPf4a/406101734910-3.jpg,https://i.frg.im/pEqlHbqO/406101734910-4.jpg,https://i.frg.im/lA8IlIT9/406101734910-5.jpg,https://i.frg.im/bZmLmqzO/406101734910-6.jpg",,,,,,,,,,,,,,,live,,,false,false,false,false,false
3D_PRINTED_PUMP_014,3D Printed Pumpkin Outfit for Labubu ğŸƒ,"100% Authentic POP MART 3D Printed Pumpkin Outfit for Labubu ğŸƒ
â€¢ ğŸ Brandâ€‘new, factoryâ€‘sealed in original packaging
â€¢ âœ… Official Pop Mart product â€“ 100% authentic
â€¢ ğŸƒ Custom 3D printed Halloween outfit set designed for standard Labubu figures
â€¢ ğŸ§¡ Includes pumpkin costume, mini prop, and headband - customizable colors available
â€¢ âœ¨ Perfect for Halloween displays, photoshoots, or seasonal collection themes",,,"https://i.frg.im/ny4u9Loh/406098217734-0.jpg,https://i.frg.im/OttuNXmw/406098217734-0.jpg,https://i.frg.im/ujmuggmi/406098217734-1.jpg,https://i.frg.im/gyoNO59j/406098217734-1.jpg,https://i.frg.im/fweD5klv/406098217734-2.jpg,https://i.frg.im/l6My65qy/406098217734-2.jpg,https://i.frg.im/mSCZOhgD/406098217734-3.jpg,https://i.frg.im/mh0Y9Acg/406098217734-4.jpg,https://i.frg.im/X4gwif5g/406098217734-5.jpg,https://i.frg.im/igckruTe/406098217734-6.jpg,https://i.frg.im/GpTEcwjk/406098217734-7.jpg,https://i.frg.im/YJWnnaeo/406098217734-8.jpg,https://i.frg.im/bqmKuGmc/406098217734-9.jpg,https://i.frg.im/UEhgsJrc/406098217734-10.jpg",Color,,,,,,,,,,,,,,live,,,false,false,false,false,false
IF_E7A6475F,,,5,10.0000,,,,,,,Purple,,,,,,,,,live,,,false,false,false,false,false
IF_020F9042,,,5,10.0000,,,,,,,gold,,,,,,,,,live,,,false,false,false,false,false
IF_B4C1478C,,,5,10.0000,,,,,,,Green,,,,,,,,,live,,,false,false,false,false,false
IF_8EB14ACD,,,5,10.0000,,,,,,,Lime green,,,,,,,,,live,,,false,false,false,false,false
IF_65B3802A,,,5,10.0000,,,,,,,Teal,,,,,,,,,live,,,false,false,false,false,false
IF_0CEFBEAC,,,5,10.0000,,,,,,,Grey,,,,,,,,,live,,,false,false,false,false,false
IF_02295322,,,5,10.0000,,,,,,,Black,,,,,,,,,live,,,false,false,false,false,false
IF_8A76FF44,,,5,10.0000,,,,,,,Hot Pink,,,,,,,,,live,,,false,false,false,false,false
IF_82872B66,,,5,10.0000,,,,,,,White,,,,,,,,,live,,,false,false,false,false,false
IF_06E4288A,,,5,10.0000,,,,,,,Multi Color,,,,,,,,,live,,,false,false,false,false,false
IF_14A58083,,,5,10.0000,,,,,,,Red,,,,,,,,,live,,,false,false,false,false,false
